{"cameraMode":{"drawMode":0,"name":"Shaded","section":"Shading Mode"},"sceneLighting":false,"audioPlay":false,"sceneViewState":{"showFog":true,"showMaterialUpdate":false,"showSkybox":false,"showFlares":true,"showImageEffects":true,"showParticleSystems":true},"in2DMode":false,"pivot":{"x":-0.05095146596431732,"y":-0.40665480494499209,"z":-0.0005849999724887311},"rotation":{"x":0.000018498622011975385,"y":0.9980919361114502,"z":-0.061770323663949969,"w":0.0003000895958393812},"size":1.1229838132858277,"orthographic":false}